{"version":1,"index":4,"parentId":"9e31fed4-58d4-4890-baf4-87422eda10bc","name":"Teal 90","color":{"r":0,"b":0.2431372549019608,"g":0.1764705882352941,"a":1}}