{"index":2,"color":{"r":0.6431372549019608,"b":0,"g":0.4980392156862745,"a":1},"parentId":"830ae7c9-3366-4e57-9cbb-2d70230b9e6f","name":"Yellow 70","version":1}