{"version":1,"index":1,"parentId":"3a9b6cf9-0684-4054-9b0c-8792a2dea50b","name":"Magenta 60","color":{"r":0.9294117647058824,"b":0.7098039215686275,"g":0,"a":1}}