{"index":4,"color":{"r":0,"b":0.2509803921568627,"g":0.05882352941176471,"a":1},"parentId":"c232f173-4b5e-433d-9354-a9e24ffe3d10","name":"Blue 90","version":1}