{"version":1,"index":0,"parentId":"e9fabd57-57ce-4053-8b9d-0ef5807a68f3","name":"Grey 10","color":{"r":0.9764705882352941,"b":0.9803921568627451,"g":0.9764705882352941,"a":1}}