{"version":1,"index":0,"parentId":"c232f173-4b5e-433d-9354-a9e24ffe3d10","name":"Blue 50","color":{"r":0.0392156862745098,"b":1,"g":0.5176470588235295,"a":1}}