{"index":2,"color":{"r":0,"b":0.6431372549019608,"g":0.5568627450980392,"a":1},"parentId":"9e31fed4-58d4-4890-baf4-87422eda10bc","name":"Teal 70","version":1}