{"color":{"r":0.4901960784313725,"b":0.3098039215686275,"g":0,"a":1},"version":1,"parentId":"3a9b6cf9-0684-4054-9b0c-8792a2dea50b","name":"Magenta 80","index":3}