{"version":1,"index":1,"parentId":"9b674650-5661-4dc6-9daf-758c93caf0ff","name":"Green 60","color":{"r":0.07058823529411765,"b":0,"g":0.7372549019607844,"a":1}}