{"version":1,"index":3,"parentId":"9e31fed4-58d4-4890-baf4-87422eda10bc","name":"Teal 80","color":{"r":0,"b":0.4431372549019608,"g":0.3529411764705883,"a":1}}