{"version":1,"index":1,"parentId":"c232f173-4b5e-433d-9354-a9e24ffe3d10","name":"Blue 60","color":{"r":0,"b":0.8745098039215686,"g":0.3764705882352941,"a":1}}