{"color":{"r":0,"b":0.01568627450980392,"g":0.396078431372549,"a":1},"version":1,"parentId":"9b674650-5661-4dc6-9daf-758c93caf0ff","name":"Green 80","index":3}