{"color":{"r":0.05882352941176471,"b":0.1490196078431373,"g":0.06666666666666667,"a":1},"version":1,"parentId":"e72b15fd-70ec-4e13-81a1-a2fec6da3247","name":"Ink 90","index":2}