{"version":1,"index":2,"parentId":"e9fabd57-57ce-4053-8b9d-0ef5807a68f3","name":"Grey 50","color":{"r":0.4509803921568628,"b":0.4509803921568628,"g":0.4509803921568628,"a":1}}