{"color":{"r":0.04705882352941176,"b":0.05098039215686274,"g":0.04705882352941176,"a":1},"version":1,"parentId":"e9fabd57-57ce-4053-8b9d-0ef5807a68f3","name":"Grey 90","index":4}