{"version":1,"index":2,"parentId":"0ef29152-550c-4e14-a31e-f674c4022517","name":"Red 70","color":{"r":0.6431372549019608,"b":0.05882352941176471,"g":0,"a":1}}