{"version":1,"index":0,"parentId":"9b674650-5661-4dc6-9daf-758c93caf0ff","name":"Green 50","color":{"r":0.1882352941176471,"b":0.04313725490196078,"g":0.9019607843137255,"a":1}}