{"version":1,"index":2,"parentId":"3a9b6cf9-0684-4054-9b0c-8792a2dea50b","name":"Magenta 70","color":{"r":0.7098039215686275,"b":0.4980392156862745,"g":0,"a":1}}