{"color":{"r":0.2901960784313726,"b":0.3098039215686275,"g":0.2901960784313726,"a":1},"version":1,"parentId":"e9fabd57-57ce-4053-8b9d-0ef5807a68f3","name":"Grey 70","index":3}