{"version":1,"index":4,"parentId":"830ae7c9-3366-4e57-9cbb-2d70230b9e6f","name":"Yellow 90","color":{"r":0.2431372549019608,"b":0,"g":0.1568627450980392,"a":1}}