{"version":1,"index":0,"parentId":"3a9b6cf9-0684-4054-9b0c-8792a2dea50b","name":"Magenta 50","color":{"r":1,"b":0.8509803921568627,"g":0.1019607843137255,"a":1}}