{"index":1,"color":{"r":0.8431372549019608,"b":0,"g":0.7137254901960784,"a":1},"parentId":"830ae7c9-3366-4e57-9cbb-2d70230b9e6f","name":"Yellow 60","version":1}