{"color":{"r":0.3529411764705883,"b":0.007843137254901961,"g":0,"a":1},"version":1,"parentId":"0ef29152-550c-4e14-a31e-f674c4022517","name":"Red 80","index":3}