{"index":2,"color":{"r":0,"b":0.6666666666666666,"g":0.2431372549019608,"a":1},"parentId":"c232f173-4b5e-433d-9354-a9e24ffe3d10","name":"Blue 70","version":1}