{"index":3,"color":{"r":0,"b":0.4588235294117647,"g":0.1333333333333333,"a":1},"parentId":"c232f173-4b5e-433d-9354-a9e24ffe3d10","name":"Blue 80","version":1}