{"version":1,"index":3,"parentId":"08f0caa7-9fc3-4790-9e47-0f4e76b71836","name":"Purple 80","color":{"r":0.2666666666666667,"b":0.4431372549019608,"g":0,"a":1}}