{"version":1,"index":2,"parentId":"9b674650-5661-4dc6-9daf-758c93caf0ff","name":"Green 70 ","color":{"r":0.0196078431372549,"b":0,"g":0.5450980392156862,"a":1}}