{"color":{"r":0,"b":0.02352941176470588,"g":0.2156862745098039,"a":1},"version":1,"parentId":"9b674650-5661-4dc6-9daf-758c93caf0ff","name":"Green 90","index":4}