{"version":1,"index":0,"parentId":"e72b15fd-70ec-4e13-81a1-a2fec6da3247","name":"Ink 70","color":{"r":0.2117647058823529,"b":0.3490196078431372,"g":0.2235294117647059,"a":1}}