{"color":{"r":0.2431372549019608,"b":0,"g":0.007843137254901961,"a":1},"version":1,"parentId":"0ef29152-550c-4e14-a31e-f674c4022517","name":"Red 90","index":4}