{"color":{"r":0.1254901960784314,"b":0.2509803921568627,"g":0.1372549019607843,"a":1},"version":1,"parentId":"e72b15fd-70ec-4e13-81a1-a2fec6da3247","name":"Ink 80","index":1}