{"index":2,"color":{"r":0.3843137254901961,"b":0.6431372549019608,"g":0,"a":1},"parentId":"08f0caa7-9fc3-4790-9e47-0f4e76b71836","name":"Purple 70","version":1}