{"index":1,"color":{"r":0,"b":0.8431372549019608,"g":0.7843137254901961,"a":1},"parentId":"9e31fed4-58d4-4890-baf4-87422eda10bc","name":"Teal 60","version":1}