{"color":{"r":0.2666666666666667,"b":0.1529411764705882,"g":0,"a":1},"version":1,"parentId":"3a9b6cf9-0684-4054-9b0c-8792a2dea50b","name":"Magenta 90","index":4}