{"version":1,"index":3,"parentId":"830ae7c9-3366-4e57-9cbb-2d70230b9e6f","name":"Yellow 80","color":{"r":0.4431372549019608,"b":0,"g":0.3176470588235294,"a":1}}