{"version":1,"index":4,"parentId":"08f0caa7-9fc3-4790-9e47-0f4e76b71836","name":"Purple 90","color":{"r":0.1450980392156863,"b":0.2431372549019608,"g":0,"a":1}}