{"version":1,"index":1,"parentId":"e9fabd57-57ce-4053-8b9d-0ef5807a68f3","name":"Grey 30","color":{"r":0.8431372549019608,"b":0.8588235294117647,"g":0.8431372549019608,"a":1}}