{"version":1,"index":1,"parentId":"0ef29152-550c-4e14-a31e-f674c4022517","name":"Red 60","color":{"r":0.8431372549019608,"b":0.1333333333333333,"g":0,"a":1}}