{"index":1,"color":{"r":0.5019607843137255,"b":0.8431372549019608,"g":0,"a":1},"parentId":"08f0caa7-9fc3-4790-9e47-0f4e76b71836","name":"Purple 60","version":1}